<?xml version="1.0" encoding="UTF-8"?>
<project-private xmlns="http://www.netbeans.org/ns/project-private/1">
    <editor-bookmarks xmlns="http://www.netbeans.org/ns/editor-bookmarks/2" lastBookmarkId="0"/>
    <open-files xmlns="http://www.netbeans.org/ns/projectui-open-files/2">
        <group>
            <file>file:/C:/Users/bruna/Google%20Drive/Maua/4º%20Ano/ECM252-Linguagens%20de%20Programação%20II/Exercicios%20Linguagens%20Programacao%20II/Lista%205/Ex4/public_html/javascript/grafico.js</file>
            <file>file:/C:/Users/bruna/Google%20Drive/Maua/4º%20Ano/ECM252-Linguagens%20de%20Programação%20II/Exercicios%20Linguagens%20Programacao%20II/Lista%205/Ex4/public_html/index.html</file>
        </group>
    </open-files>
</project-private>
